Aarhus,,Denmark,56.15,10.217
Aberdeen,Scotland,United Kingdom,57.15,-4.117
Abidjan,,Ivory Coast,5.317,-4.033
Abu Dhabi,,United Arab Emirates,24.467,54.367
Abuja,,Nigeria,9.067,7.483
Acapulco,Guerrero,Mexico,16.867,-99.883
Accra,,Ghana,5.55,-0.2
Adana,,Turkey,37,35.317
Addis Ababa,,Ethiopia,9.033,38.733
Adelaide,South Australia,Australia,-34.933,138.6
Agartala,Tripura,India,23.833,91.267
Agra,Uttar Pradesh,India,27.183,78.017
Aguascalientes,Aguascalientes,Mexico,21.883,-102.3
Ahmedabad,Gujarat,India,23.033,72.583
Akita,Akita,Japan,39.717,140.117
Akureyri,,Iceland,65.683,-18.1
Alajuela,,Costa Rica,10.017,-84.217
Albuquerque,New Mexico,United States,35.117,-106.617
Alert,Nunavut,Canada,82.5,-62.333
Alexandria,,Egypt,31.2,29.917
Algiers,,Algeria,36.767,3.217
Almaty,,Kazakhstan,43.283,76.9
Alofi,Niue,New Zealand,-19.05,-169.917
Alor Setar,Kedah,Malaysia,6.117,100.367
Ambon,Maluku,Indonesia,-3.7,128.167
Amman,,Jordan,31.933,35.933
Amritsar,Punjab,India,31.633,74.867
Amsterdam,North Holland,Netherlands,52.367,4.9
Anadyr,Chukotka Autonomous Okrug,Russia,64.733,177.517
Anchorage,Alaska,United States,61.217,-149.9
Ankara,,Turkey,40.55,33.433
Antananarivo,,Madagascar,-18.933,47.517
Antofagasta,,Chile,-23.65,-70.4
Antwerp,Flanders,Belgium,51.217,4.4
Aomori,Aomori,Japan,40.817,140.75
Apia,,Samoa,-13.833,-171.75
Araraquara,São Paulo,Brazil,-21.8,-48.183
Arbil,Iraqi Kurdistan,Iraq,36.183,44.017
Arendal,,Norway,58.8,9.25
Arequipa,,Peru,-16.4,-71.533
Arica,,Chile,-18.483,-70.333
Arkhangelsk,Arkhangelsk Oblast,Russia,64.533,40.533
Asahikawa,Hokkaido,Japan,43.767,142.367
Ashgabat,,Turkmenistan,37.933,58.367
Asmara,,Eritrea,15.333,38.933
Assis,São Paulo,Brazil,-22.667,-50.417
Astana,,Kazakhstan,51.167,71.433
Asunción,,Paraguay,-25.283,-57.633
Athens,,Greece,37.967,23.717
Atlanta,Georgia,United States,33.75,-84.383
Auckland,,New Zealand,-36.833,174.733
Augusta,Maine,United States,44.317,-69.783
Austin,Texas,United States,30.25,-97.75
Avarua,Cook Islands,New Zealand,-21.2,-159.767
Ayacucho,,Peru,-13.167,-74.217
Ayutthaya,,Thailand,14.35,100.567
Baghdad,,Iraq,33.333,44.433
Bahía Blanca,Buenos Aires,Argentina,-38.717,-62.267
Baku,,Azerbaijan,40.4,49.883
Balikpapan,,Indonesia,-1.267,116.833
Baltimore,Maryland,United States,39.283,-76.617
Bamako,,Mali,12.65,-8
Banda Aceh,Aceh,Indonesia,5.55,95.317
Bandar Seri Begawan,,Brunei,4.883,114.95
Bandung,,Indonesia,-6.917,107.617
Bangalore,Karnataka,India,12.967,77.567
Bangkok,,Thailand,13.75,100.467
Bangui,,Central African Republic,4.367,18.583
Banjul,,Gambia,13.45,-16.583
Barcelona,Catalonia,Spain,41.383,2.183
Barranquilla,,Colombia,10.967,-74.8
Barrow,Alaska,United States,71.3,-156.767
Basel,,Switzerland,47.567,7.6
Basra,,Iraq,30.5,47.817
Basse-Terre,Guadeloupe,France,16,-61.733
Basseterre,,Saint Kitts and Nevis,17.3,-62.733
Batticaloa,,Sri Lanka,7.717,81.7
Bauru,São Paulo,Brazil,-22.317,-49.067
Beijing,,China,39.9,116.4
Beirut,,Lebanon,33.883,35.517
Belfast,Northern Ireland,United Kingdom,54.6,-5.933
Belgrade,,Serbia,44.817,20.467
Belize City,,Belize,17.5,-88.183
Belmopan,,Belize,17.25,-88.767
Belo Horizonte,Minas Gerais,Brazil,-19.917,-43.933
Belém,Pará,Brazil,-1.45,-48.5
Benghazi,,Libya,32.117,20.067
Benin City,,Nigeria,6.317,5.6
Bergen,,Norway,60.383,5.333
Berlin,Berlin,Germany,52.517,13.383
Bern,,Switzerland,46.95,7.45
Bhisho,Eastern Cape,South Africa,-32.85,27.433
Bilbao,Basque Country,Spain,43.25,-2.917
Birmingham,Alabama,United States,33.65,-86.817
Birmingham,England,United Kingdom,52.483,-1.9
Bishkek,,Kyrgyzstan,42.867,74.617
Bismarck,North Dakota,United States,46.817,-100.783
Bissau,Guinea-Bissau,,11.85,-15.567
Blantyre,Malawi,,-15.783,35
Bloemfontein,Free State,South Africa,-29.117,26.217
Boa Vista,Roraima,Brazil,2.817,-60.667
Bobo-Dioulasso,,Burkina Faso,11.183,-4.283
Boden,,Sweden,65.833,21.717
Bodø,,Norway,67.3,14.55
Bogor,,Indonesia,-6.6,106.8
Bogotá,,Colombia,4.6,-74.083
Boise,Idaho,United States,43.617,-116.2
Bologna,Emilia-Romagna,Italy,44.5,11.35
Bordeaux,,France,44.833,-0.583
Boston,Massachusetts,United States,42.35,-71.067
Boulder,Colorado,United States,40.017,-105.283
Brasília,Federal District (Brazil) Distrito Federal,Brazil,-15.8,-47.867
Bratislava,,Slovakia,48.15,17.117
Bratsk,Irkutsk Oblast,Russia,56.117,101.6
Brazzaville,,Republic of the Congo,-4.267,15.3
Bremen,Bremen,Germany,53.083,8.8
Bridgetown,,Barbados,13.1,-59.617
Brikama,,Gambia,13.267,-16.65
Brisbane,Queensland,Australia,-27.467,153.033
Bristol,England,United Kingdom,51.45,-2.583
Brussels,Brussels,Belgium,50.85,4.35
Bucharest,,Romania,44.433,26.1
Budapest,,Hungary,47.467,19.05
Buenos Aires,Argentina,,-34.6,-58.383
Buffalo,New York,United States,42.9,-78.85
Bujumbura,,Burundi,-3.383,29.367
Bulawayo,,Zimbabwe,-20.167,28.583
Bursa,,Turkey,40.183,29.05
Busan,,South Korea,35.183,129.083
Cabo San Lucas,Baja California Sur,Mexico,22.883,-109.917
Cagliari,Sardinia,Italy,39.25,9.05
Cairns,Queensland,Australia,-16.933,145.783
Cairo,,Egypt,30,20
Calama,,Chile,-22.467,-68.933
Calgary,Alberta,Canada,51.05,-114.067
Cambridge,England,United Kingdom,52.2,0.117
Campina Grande,Paraíba,Brazil,-7.233,-35.883
Campinas,São Paulo,Brazil,-22.9,-47.05
Campo Grande,Mato Grosso do Sul,Brazil,-20.467,-54.617
Canberra,Australian Capital Territory,Australia,-35.3,149.117
Cancún,Quintana Roo,Mexico,21.167,-86.85
Cape Town,Western Cape,South Africa,-33.933,18.417
Caracas,,Venezuela,10.5,-66.917
Cardiff,Wales,United Kingdom,51.483,-3.183
Cartagena,,Colombia,10.4,-75.5
Caruaru,Pernambuco,Brazil,-8.283,-35.983
Casablanca,,Morocco,33.533,-7.583
Castries,,Saint Lucia,14.017,-60.983
Catania,Sicily,Italy,37.5,15.083
Cayenne,French Guiana,France,4.917,-52.333
Cebu City,,Philippines,10.283,123.9
Chaguanas,,Trinidad and Tobago,10.5,-61.383
Chandigarh,,India,30.75,76.783
Changchun,Jilin,China,43.9,125.2
Charleston,South Carolina,United States,32.783,-79.933
Charleston,West Virginia,United States,38.35,-81.633
Charlotte Amalie,United States Virgin Islands,United States,18.35,-64.95
Charlotte,North Carolina,United States,35.233,-80.85
Charlottetown,Prince Edward Island,Canada,46.233,-63.15
Chelyabinsk,Chelyabinsk Oblast,Russia,55.15,61.383
Chengdu,Sichuan,China,30.667,41
Chennai (Madras),Tamil Nadu,India,13.083,80.267
Cheyenne,Wyoming,United States,41.15,-104.8
Chiang Mai,,Thailand,18.8,99
Chiang Rai,,Thailand,19.917,99.833
Chiba,Chiba,Japan,35.6,140.1
Chicago,Illinois,United States,41.883,-87.633
Chihuahua,Chihuahua,Mexico,28.633,-106.083
Chinandega,,Nicaragua,12.617,-87.15
Chittagong,,Bangladesh,22.367,91.8
Chişinău,,Moldova,47,28.917
Chongjin,,North Korea,41.8,129.783
Chongqing,,China,29.567,106.567
Christchurch,,New Zealand,-43.533,172.617
Chuí,Rio Grande do Sul,Brazil,-33.683,-53.45
Cincinnati,Ohio,United States,39.1,-84.517
Ciudad Bolívar,,Venezuela,8.117,-63.55
Ciudad Juárez,Chihuahua,Mexico,31.733,-106.483
Ciudad del Este,,Paraguay,-25.517,-54.617
Cleveland,Ohio,United States,41.483,-81.667
Cluj-Napoca,,Romania,46.767,23.583
Cockburn Town,Turks and Caicos Islands,United Kingdom,21.467,-71.133
Coihaique,,Chile,-45.567,-72.067
Cologne,North Rhine-Westphalia,Germany,50.95,6.967
Colombo,,Sri Lanka,6.933,79.85
Columbia,South Carolina,United States,34,-81.05
Columbus,Ohio,United States,39.983,-82.983
Comodoro Rivadavia,Chubut,Argentina,-45.867,-67.483
Conakry,,Guinea,9.517,-13.717
Concepción,,Chile,-36.833,-73.05
Concord,New Hampshire,United States,43.2,-71.533
Copenhagen,,Denmark,55.683,12.567
Copiapó,,Chile,-27.367,-70.333
Cork,,Ireland,51.9,-8.467
Corrientes,Corrientes,Argentina,-27.483,-58.817
Cotonou,,Benin,6.367,2.433
Craiova,,Romania,44.333,23.817
Cuiabá,Mato Grosso,Brazil,-15.6,-56.1
Culiacán,Sinaloa,Mexico,24.8,-107.383
Curitiba,Paraná,Brazil,-25.417,-49.25
Cusco,,Peru,-13.533,-71.967
Córdoba,Córdoba,Argentina,-31.417,-64.183
Cúcuta,,Colombia,7.9,-72.5
Da Nang,,Vietnam,16.067,108.233
Daegu,,South Korea,35.867,128.6
Dakar,,Senegal,14.7,-17.45
Dalian,Liaoning,China,38.917,121.633
Dallas,Texas,United States,32.783,-96.8
Damascus,,Syria,33.517,36.3
Dammam,,Saudi Arabia,26.283,50.2
Dar es Salaam,,Tanzania,-6.8,39.283
Darwin,Northern Territory,Australia,-12.45,130.833
Davao City,,Philippines,7.067,125.6
Deadhorse,Alaska,United States,70.2,-148.517
Dededo,Guam,United States,13.517,144.833
Denpasar,Bali,Indonesia,-8.65,115.217
Denver,Colorado,United States,39.733,-104.983
Des Moines,Iowa,United States,41.583,-93.617
Detroit,Michigan,United States,42.333,-83.05
Dhaka,,Bangladesh,23.7,90.383
Dibrugarh,Assam,India,27.483,95
Dikson,Krasnoyarsk Krai,Russia,73.5,80.517
Dili,,Timor-Leste,-8.55,125.583
Djibouti,,Djibouti,11.583,43.15
Dodoma,,Tanzania,-6.167,35.75
Doha,,Qatar,25.283,51.533
Donetsk,,Ukraine,48,37.8
Dongguan,Guangdong,China,23.033,113.717
Douala,,Cameroon,4.05,9.7
Dover,Delaware,United States,39.167,-75.533
Dresden,Saxony,Germany,51.033,13.733
Dubai,,United Arab Emirates,25.25,55.3
Dublin,,Ireland,53.35,-6.267
Dunedin,,New Zealand,-45.867,170.5
Durango,Durango,Mexico,24.017,-104.667
Durban,KwaZulu-Natal,South Africa,-29.883,31.05
Dushanbe,,Tajikistan,38.533,68.783
Düsseldorf,North Rhine-Westphalia,Germany,51.233,6.783
Edinburgh,Scotland,United Kingdom,55.95,-3.183
Edmonton,Alberta,Canada,53.533,-113.5
Eilat,,Israel,29.55,34.95
El Aaiún,Western Sahara,Morocco,27.15,-13.2
El Centro,California,United States,32.633,-115.55
El Paso,Texas,United States,31.783,-106.417
Enschede,,Netherlands,52.217,6.9
Ensenada,Baja California,Mexico,31.85,-116.6
Entebbe,,Uganda,0.05,32.467
Enugu,,Nigeria,6.45,7.517
Esbjerg,,Denmark,55.483,8.45
Eskisehir,,Turkey,39.783,30.517
Esperanza,Argentine Antarctica,Argentina,-63.4,-56.983
Espoo,,Finland,60.2,24.65
Eureka,Nunavut,Canada,79.983,-85.933
Exeter,England,United Kingdom,50.717,-3.533
Fairbanks,Alaska,United States,64.85,-147.717
Faisalabad,Punjab,Pakistan,31.417,73.083
Fernando de Noronha,Pernambuco,Brazil,-3.85,-32.417
Flensburg,Schleswig-Holstein,Germany,54.783,9.433
Florence,Tuscany,Italy,43.783,11.25
Flores Island,Azores,Portugal,39.467,-31.233
Florianópolis,Santa Catarina,Brazil,-27.833,-48.417
Fort Collins,Colorado,United States,40.767,-105.017
Fort McMurray,Alberta,Canada,56.733,-111.383
Fort Wayne,Indiana,United States,41.083,-85.133
Fort-de-France,Martinique,France,14.6,-61.083
Fortaleza,Ceará,Brazil,-3.717,-38.55
Francistown,,Botswana,-21.167,27.517
Frankfurt am Main,Hesse,Germany,50.117,8.683
Fredericton,New Brunswick,Canada,45.95,-66.667
Freetown,,Sierra Leone,8.483,-13.233
Fukui,Fukui,Japan,36.067,136.217
Fukuoka,Fukuoka,Japan,33.583,130.4
Fukushima,Fukushima,Japan,37.767,140.467
Funafuti,,Tuvalu,-8.517,179.217
Funchal,Madeira,Portugal,32.65,-16.917
Gaborone,,Botswana,-24.65,25.917
Gangtok,Sikkim,India,27.333,88.617
Gaoxiong,Taiwan,China,22.633,120.267
Garanhuns,Pernambuco,Brazil,-8.883,-36.5
Gaza,Gaza Strip,Palestine,31.517,34.45
Gaziantep,,Turkey,37.067,37.383
Gdańsk,Pomeranian Voivodeship,Poland,54.367,18.633
Gdynia,Pomeranian Voivodeship,Poland,54.5,18.55
Geelong,Victoria,Australia,-38.15,144.35
Geneva,,Switzerland,46.2,6.15
George Town,Cayman Islands,United Kingdom,19.3,-81.383
George Town,Penang,Malaysia,5.417,100.317
Georgetown,,Guyana,6.8,-58.167
Ghent,Flanders,Belgium,51.05,3.733
Gibraltar,Gibraltar,United Kingdom,36.133,-5.35
Gifu,Gifu,Japan,35.417,136.767
Gijón,Asturias,Spain,43.533,-5.7
Glasgow,Scotland,United Kingdom,55.85,-4.267
Gloucester,England,United Kingdom,51.867,-2.233
Goiânia,Goiás,Brazil,-16.667,-49.25
Gold Coast,Queensland,Australia,-28.017,153.4
Governador Valadares,Minas Gerais,Brazil,-18.85,-41.933
Grande Prairie,Alberta,Canada,55.167,-118.8
Graz,Styria,Austria,47.067,15.433
Greenwich,England,United Kingdom,51.483,0
Grise Fiord,Nunavut,Canada,76.417,-82.9
Groningen,Groningen,Netherlands,53.217,6.55
Guadalajara,Jalisco,Mexico,20.667,-103.35
Guangzhou,Guangdong,China,23.133,113.267
Guatemala City,,Guatemala,14.617,-90.533
Guayaquil,,Ecuador,-2.183,-79.883
Guwahati,Assam,India,26.183,91.733
Gällivare,,Sweden,67.217,21.1
Göteborg,,Sweden,57.7,11.967
Haarlem,North Holland,Netherlands,52.383,4.633
Hagåtña,Guam,United States,13.483,144.75
Hai Phong,,Vietnam,20.85,106.683
Hakodate,Hokkaido,Japan,41.767,140.733
Halifax,Nova Scotia,Canada,44.85,-63.2
Halkis,,Greece,38.467,23.6
Hamburg,Hamburg,Germany,53.567,10
Hamilton,,New Zealand,-37.783,175.283
Hamilton,Bermuda,United Kingdom,32.3,-64.783
Hammerfest,Finnmark,Norway,70.667,23.683
Handan,Hebei,China,36.6,114.483
Hanga Roa,Easter Island,Chile,-27.15,-109.433
Hangzhou,Zhejiang,China,30.25,120.167
Hannover,Lower Saxony,Germany,52.367,9.717
Hanoi,,Vietnam,21.033,105.85
Haparanda,,Sweden,65.833,24.133
Harare,,Zimbabwe,-17.867,31.033
Harbin,Heilongjiang,China,45.75,126.633
Hargeisa,Somaliland,Somalia,9.55,44.067
Harstad,,Norway,68.783,16.533
Hartford,Connecticut,United States,41.767,-72.667
Hastings,,New Zealand,-39.65,176.833
Hat Yai,,Thailand,7.017,100.467
Havana,,Cuba,23.133,-82.383
Helena,Montana,United States,46.6,-112.033
Helsinki,,Finland,60.167,24.933
Heraklion,,Greece,35.333,25.133
Hermosillo,Sonora,Mexico,29.1,-110.95
Hilo,Hawaii,United States,19.7,-155.083
Hiroshima,Hiroshima,Japan,34.383,132.45
Ho Chi Minh City,,Vietnam,10.767,106.683
Hobart,Tasmania,Australia,-42.883,147.333
Hong Kong,Hong Kong,China,22.283,114.167
Honiara,Solomon Islands,,-9.467,159.817
Honningsvåg,Finnmark,Norway,70.983,25.983
Honolulu,Hawaii,United States,21.317,-157.833
Horta,Azores,Portugal,38.583,-28.717
Houston,Texas,United States,29.767,-95.383
Huambo,,Angola,-12.767,15.733
Hu·∫?,Vietnam,16.467,107.583,
Hyderabad,Andhra Pradesh,India,17.367,78.483
Hyderabad,Sindh,Pakistan,25.383,68.367
Ibadan,,Nigeria,7.4,3.917
Ibiza,Balearic Islands,Spain,38.983,1.433
Ilhéus,Bahia,Brazil,-14.783,-39.05
Iloilo City,,Philippines,10.717,122.567
Imperatriz,Maranhão,Brazil,-5.533,-47.483
Incheon,,South Korea,37.483,126.633
Indianapolis,Indiana,United States,39.767,-86.15
Innsbruck,Tyrol,Austria,47.267,11.383
Invercargill,,New Zealand,-46.417,168.35
Inverness,Scotland,United Kingdom,57.467,-4.233
Ipoh,Perak,Malaysia,4.6,101.067
Iqaluit,Nunavut,Canada,63.75,-68.517
Iquique,,Chile,-20.217,-70.15
Iquitos,,Peru,-3.733,-73.25
Irkutsk,Irkutsk Oblast,Russia,52.317,104.3
Isfahan,,Iran,32.633,51.65
Islamabad,Islamabad Capital Territory,Pakistan,33.717,73.067
Istanbul,,Turkey,41.017,28.95
Izhevsk,Udmurt Republic,Russia,56.833,53.183
Jackson,Mississippi,United States,32.3,-90.183
Jacksonville,Florida,United States,30.333,-81.667
Jaipur,Rajasthan,India,26.933,75.817
Jakarta,,Indonesia,-6.2,106.8
Jamestown,Saint Helena,United Kingdom,-15.917,-5.717
Jayapura,,Indonesia,-2.533,140.717
Jeddah,,Saudi Arabia,21.55,39.167
Jersey City,New Jersey,United States,40.717,-74.067
Jerusalem,,Israel,31.783,35.217
Jinan,Shandong,China,36.667,116.983
Johannesburg,Gauteng,South Africa,-26.2,28.05
Johor Bahru,Johor,Malaysia,1.483,103.733
João Pessoa,Paraíba,Brazil,-7.083,-34.833
Juazeiro do Norte,Ceará,Brazil,-7.2,-39.333
Juba,,South Sudan,4.85,31.6
Juiz de Fora,Minas Gerais,Brazil,-21.767,-43.35
Juneau,Alaska,United States,58.3,-134.417
Jyväskylä,,Finland,62.25,25.75
Kabul,,Afghanistan,34.533,69.167
Kaesong,,North Korea,37.967,126.55
Kagoshima,Kagoshima,Japan,31.6,130.55
Kaliningrad,Kaliningrad Oblast,Russia,54.717,20.517
Kamloops,British Columbia,Canada,50.683,-120.333
Kampala,,Uganda,0.317,32.583
Kanazawa,Ishikawa,Japan,36.567,136.65
Kandahar,,Afghanistan,31.617,65.717
Kandy,,Sri Lanka,7.3,80.633
Kano,,Nigeria,12,8.517
Kanpur,Uttar Pradesh,India,26.467,80.333
Kansas City,Missouri,United States,39.1,-94.583
Karachi,Sindh,Pakistan,24.867,67.017
Kathmandu,,Nepal,27.7,85.333
Kawasaki,Kanagawa,Japan,35.517,139.7
Kazan,Republic of Tatarstan,Russia,55.783,49.133
Kelowna,British Columbia,Canada,49.883,-119.5
Kemi,,Finland,65.733,24.567
Kemijärvi,,Finland,66.717,27.433
Key West,Florida,United States,24.567,-81.783
Kharkiv,,Ukraine,50,36.233
Khartoum,,Sudan,15.633,32.533
Khon Kaen,,Thailand,16.433,102.833
Kiel,Schleswig-Holstein,Germany,54.333,10.133
Kiev,,Ukraine,50.45,30.517
Kigali,,Rwanda,-1.95,30.067
Kimberley,Northern Cape,South Africa,-28.75,24.767
Kingston,,Jamaica,17.983,-76.8
Kingston,Norfolk Island,Australia,-29.067,167.967
Kingstown,,Saint Vincent and the Grenadines,13.15,-61.233
Kinshasa,,Democratic Republic of the Congo,-4.333,15.317
Kirkuk,,Iraq,35.467,44.317
Kiruna,,Sweden,67.85,20.217
Kismayo,,Somalia,-0.35,42.55
Knoxville,Tennessee,United States,35.967,-83.95
Kochi,Kerala,India,9.967,76.283
Kolkata (Calcutta),West Bengal,India,22.567,88.367
Konya,,Turkey,37.867,32.483
Koror,,Palau,7.367,134.483
Kota Bharu,Kelantan,Malaysia,6.133,102.25
Kota Kinabalu,Sabah,Malaysia,5.967,116.1
Koulikoro,,Mali,12.867,-7.567
Kraków,Lesser,Poland,50.067,19.933
Krasnodar,Krasnodar Krai,Russia,45.033,38.967
Krasnoyarsk,Krasnoyarsk Krai,Russia,56.017,93.067
Kristiansand,,Norway,58.167,8
Kuala Lumpur,Federal Territory (Malaysia) Federal Territory,Malaysia,3.15,101.7
Kuching,Sarawak,Malaysia,1.567,110.35
Kulpahar,Uttar Pradesh,India,25.317,79.633
Kumamoto,Kumamoto,Japan,32.783,130.733
Kumasi,Ghana,,6.667,-1.617
Kunming,Yunnan,China,25.067,102.683
Kuopio,,Finland,62.9,27.683
Kushiro,Hokkaido,Japan,42.983,144.383
Kuusamo,,Finland,65.967,29.183
Kuwait City,,Kuwait,29.367,47.983
Kōbe,Hyogo,Japan,34.683,135.2
Kōchi,Kōchi,Japan,33.567,133.533
Kōfu,Yamanashi,Japan,35.667,138.567
La Paz,,Bolivia,-16.5,-68.15
La Serena,,Chile,-29.9,-71.25
Labasa,,Fiji,-16.433,179.367
Lagos,,Nigeria,6.45,3.4
Lahore,Punjab,Pakistan,31.55,74.35
Lahti,,Finland,60.983,25.65
Lanzhou,Gansu,China,36.033,103.8
Las Palmas de Gran Canaria,Canary Islands,Spain,28.15,-15.417
Las Vegas,Nevada,United States,36.183,-115.133
Latakia,,Syria,35.517,35.783
Lausanne,,Switzerland,46.517,6.633
Leeds,England,United Kingdom,53.8,-1.55
Leicester,England,United Kingdom,52.633,-1.133
Leiden,,Netherlands,52.167,4.483
Leipzig,Saxony,Germany,51.333,12.383
León,Guanajuato,Mexico,21.117,-101.683
Lhasa,Tibet,China,29.65,91.1
Liberia,,Costa Rica,10.633,-85.433
Libreville,,Gabon,0.383,9.45
Lille,Nord-Pas-de-Calais,France,50.633,3.05
Lillehammer,,Norway,61.133,10.433
Lilongwe,Malawi,,-13.983,33.783
Lima,,Peru,-12.05,-77.033
Limon,,Costa Rica,9.983,-83.033
Lincoln,Nebraska,United States,40.817,-96.683
Linz,Upper Austria,Austria,48.3,14.283
Lisbon,,Portugal,38.717,-9.133
Little Rock,Arkansas,United States,34.733,-92.333
Liverpool,England,United Kingdom,53.4,-2.983
Livingstone,,Zambia,-17.85,25.867
Ljubljana,,Slovenia,46.05,14.517
Lobamba,,Swaziland,-26.417,31.167
Lomé,,Togo,6.133,1.217
London,England,United Kingdom,51.5,-0.133
Longyearbyen,Svalbard,Norway,78.217,15.65
Los Angeles,California,United States,34.05,-118.25
Louisville,Kentucky,United States,38.25,-85.767
Luanda,,Angola,-8.833,13.233
Lubumbashi,,Democratic Republic of the Congo,-11.667,27.467
Lucknow,Uttar Pradesh,India,26.85,80.95
Ludhiana,Punjab,India,30.917,75.85
Luleå,,Sweden,65.583,22.15
Lusaka,,Zambia,-15.417,28.283
Luxembourg,,Luxembourg,49.617,6.117
Luxor,,Egypt,25.683,32.65
Lviv,,Ukraine,49.85,24.017
Lyon,,France,45.767,4.85
Maastricht,Limburg,Netherlands,50.85,5.683
Macapá,Amapá,Brazil,0.033,-51.067
Macau,Macau,China,22.167,113.55
Maceió,Alagoas,Brazil,-9.667,-35.733
Madrid,Madrid,Spain,40.4,-3.683
Maebashi,Gunma,Japan,36.383,139.067
Mafikeng,North West,South Africa,-25.85,25.633
Magadan,Magadan Oblast,Russia,59.567,150.8
Majuro,,Marshall Islands,7.067,171.267
Makassar,,Indonesia,-5.133,119.417
Makati,,Philippines,14.55,121.033
Malabo,,Equatorial Guinea,3.75,8.783
Malacca Town,Malacca,Malaysia,2.2,102.25
Malang,,Indonesia,-7.983,112.617
Malmö,,Sweden,55.583,13.033
Malé,,Maldives,4.183,73.517
Mamoudzou,Mayotte,France,-12.783,45.233
Managua,,Nicaragua,12.133,-86.25
Manama,,Bahrain,26.217,50.583
Manaus,Amazonas,Brazil,-3.1,-60.017
Manchester,England,United Kingdom,53.467,-2.233
Mandurah,Western Australia,Australia,-32.533,115.717
Manila,,Philippines,14.583,120.967
Manzini,,Swaziland,-26.483,31.367
Maputo,,Mozambique,-25.967,32.583
Maracaibo,,Venezuela,10.65,-71.633
Maracay,,Venezuela,10.25,-67.6
Marrakech,,Morocco,31.633,-8.017
Marseille,,France,43.3,5.367
Maseru,,Lesotho,-29.317,27.483
Mashhad,,Iran,36.3,59.6
Matsue,Shimane,Japan,35.467,133.05
Matsuyama,Ehime,Japan,33.833,132.767
Mbabane,,Swaziland,-26.317,31.133
McMurdo,,United States,-77.85,-166.667
Mecca,,Saudi Arabia,21.417,39.817
Medan,,Indonesia,3.583,98.667
Medellín,,Colombia,6.233,-75.583
Medina,,Saudi Arabia,24.467,39.6
Melbourne,Victoria,Australia,-37.817,144.967
Melekeok,,Palau,7.483,134.6
Memphis,Tennessee,United States,35.117,-89.967
Mendoza,Mendoza,Argentina,-32.883,-68.817
Mersin,,Turkey,36.8,34.633
Messina,Sicily,Italy,38.183,15.55
Mexicali,Baja California,Mexico,32.667,-115.467
Mexico City Mexico City,,Mexico,19.433,-99.133
Miami,Florida,United States,25.783,-80.217
Milan,Lombardy,Italy,45.467,9.183
Milwaukee,Wisconsin,United States,43.05,-87.95
Minneapolis,Minnesota,United States,44.983,-93.267
Minsk,,Belarus,53.9,27.567
Miri,Sarawak,Malaysia,4.4,114
Mito,Ibaraki,Japan,36.367,140.467
Miyazaki,Miyazaki,Japan,31.917,131.417
Mobile,Alabama,United States,30.7,-88.05
Mogadishu,,Somalia,2.033,45.35
Mombasa,,Kenya,-4.05,39.667
Monaco,,Monaco,43.733,7.417
Moncton,New Brunswick,Canada,46.133,-64.767
Monrovia,,Liberia,6.317,-10.8
Monterrey,Nuevo León,Mexico,25.667,-100.3
Montevideo,,Uruguay,-34.883,-56.183
Montpelier,Vermont,United States,44.25,-72.567
Montreal,Quebec,Canada,45.5,-73.567
Morioka,Iwate,Japan,39.683,141.15
Moroni,,Comoros,-11.75,43.2
Moscow,,Russia,55.75,37.617
Moscow,Idaho,United States,46.733,117
Mosul,,Iraq,36.333,43.133
Moundou,,Chad,8.567,16.083
Multan,Punjab,Pakistan,30.2,71.467
Mumbai,Maharashtra,India,18.983,72.833
Munich,Bavaria,Germany,48.133,11.567
Murmansk,Murmansk Oblast,Russia,68.967,33.083
Muscat,,Oman,23.617,58.6
Mwanza,,Tanzania,-2.517,32.9
Málaga,Andalusia,Spain,36.717,-4.417
Mérida,Yucatán,Mexico,20.967,-89.617
N'Djamena,,Chad,12.117,15.05
Nagano,Nagano,Japan,36.633,138.183
Nagasaki,Nagasaki,Japan,32.783,129.867
Nagoya,Aichi,Japan,35.183,136.9
Nagpur,Maharashtra,India,21.133,79.083
Naha,Okinawa,Japan,26.217,127.683
Nairobi,,Kenya,-1.283,36.817
Nakhon Ratchasima,Thailand,,14.983,102.1
Namangan,,Uzbekistan,41,71.667
Nanjing,Jiangsu,China,32.05,118.767
Nanning,Guangxi,China,22.817,108.317
Nantes,,France,47.217,-1.55
Naples,Campania,Italy,40.85,14.267
Nara,Nara,Japan,34.683,135.8
Narvik,,Norway,68.417,17.567
Nashville,Tennessee,United States,36.167,-86.783
Nassau,,Bahamas,25.067,-77.333
Natal,Rio Grande do Norte,Brazil,-5.783,-35.2
Naypyidaw,,Burma,19.75,96.1
Ndola,,Zambia,-12.967,28.633
Nelson,,New Zealand,-41.267,173.283
Nelspruit,Mpumalanga,South Africa,-25.467,30.983
Nemuro,Hokkaido,Japan,43.333,145.583
New Delhi,Delhi,India,28.617,77.217
New Orleans,Louisiana,United States,29.967,-90.05
New York City,New York,United States,40.667,-73.933
Newcastle upon Tyne,England,United Kingdom,54.967,-1.617
Newcastle,New South Wales,Australia,-32.917,151.75
Niamey,,Niger,13.517,2.1
Nicosia,,Cyprus,35.167,33.367
Niigata,Niigata,Japan,37.917,139.033
Nizhny Novgorod,Nizhny Novgorod Oblast,Russia,56.333,44
Nord,Greenland,Denmark,81.6,-16.667
Norilsk,Krasnoyarsk Krai,Russia,69.333,88.217
Norrköping,,Sweden,58.6,16.2
North Bay,Ontario,Canada,46.3,-79.45
Norwich,England,United Kingdom,52.633,1.3
Nottingham,England,United Kingdom,52.95,-1.133
Nouakchott,,Mauritania,18.1,-15.95
Nouméa,New Caledonia,France,-22.283,166.45
Novi Sad,Vojvodina,Serbia,45.25,19.85
Novosibirsk,Novosibirsk Oblast,Russia,55.017,82.933
Nukulaelae,,Tuvalu,-9.383,179.85
Nukus,Karakalpakstan,Uzbekistan,42.467,59.6
Nukuʻalofa,,Tonga,-21.133,-175.2
Nuorgam,Lapland,Finland,70.083,27.883
Nuuk (Godthåb),Greenland,Denmark,64.183,-51.733
Ny-Ålesund,Svalbard,Norway,78.917,11.933
Nzérékoré,,Guinea,7.75,-8.817
Obihiro,Hokkaido,Japan,42.917,143.2
Odense,,Denmark,55.4,10.383
Odessa,,Ukraine,46.467,30.733
Okayama,Okayama,Japan,34.65,133.917
Oklahoma City,Oklahoma,United States,35.483,-97.533
Omdurman,,Sudan,15.65,32.483
Omsk,Omsk Oblast,Russia,54.983,73.367
Oranjestad,Aruba,Netherlands,12.517,-70.033
Orlando,Florida,United States,28.417,-81.3
Osaka,Osaka,Japan,34.7,135.5
Oslo,,Norway,59.95,10.75
Ottawa,Ontario,Canada,45.417,-75.683
Ouagadougou,,Burkina Faso,12.35,-1.533
Oulu,,Finland,65.017,25.467
Oxford,England,United Kingdom,51.75,-1.25
Padang,,Indonesia,-0.95,100.35
Pago Pago,American Samoa,United States,-14.283,-170.7
Palembang,,Indonesia,-2.983,104.75
Palermo,Sicily,Italy,38.117,13.367
Palikir,,Federated States of Micronesia,6.917,158.167
Palma,Balearic Islands,Spain,39.567,2.65
Palmas,Tocantins,Brazil,-10.183,-48.333
Panama City,,Panama,8.983,-79.517
Papeete,French Polynesia,France,-17.533,-149.567
Paramaribo,,Suriname,5.867,-55.167
Paris,,France,48.85,2.35
Patna,Bihar,India,25.617,85.15
Pattaya,,Thailand,12.933,100.883
Pekanbaru,,Indonesia,0.533,101.45
Pelotas,Rio Grande do Sul,Brazil,-31.767,-52.35
Perm,Perm Krai,Russia,58,56.317
Perth,Western Australia,Australia,-31.95,115.867
Peshawar,Khyber Pakhtunkhwa,Pakistan,34.017,71.583
Petrolina,Pernambuco,Brazil,-9.4,-40.5
Petropavlovsk-Kamchatsky,Kamchatka Krai,Russia,53.017,158.65
Philadelphia,Pennsylvania,United States,39.95,-75.167
Phnom Penh,,Cambodia,11.55,104.917
Phoenix,Arizona,United States,33.45,-112.067
Phuket,,Thailand,7.883,98.4
Pierre,South Dakota,United States,44.367,-100.333
Pietermaritzburg,KwaZulu-Natal,South Africa,-29.617,30.383
Piteå,,Sweden,65.333,21.5
Pittsburgh,Pennsylvania,United States,40.45,-80
Plymouth,England,United Kingdom,50.367,-4.15
Podgorica,,Montenegro,42.433,19.267
Polo,Illinois,United States,42.65,-89.967
Polokwane,Limpopo,South Africa,-23.9,29.45
Ponta Delgada,Azores,Portugal,37.817,-25.75
Pontianak,,Indonesia,-0.017,109.333
Port Blair,Andaman and Nicobar Islands,India,11.667,92.767
Port Elizabeth,Eastern Cape,South Africa,-33.95,25.6
Port Harcourt,,Nigeria,4.75,7
Port Hedland,Western Australia,Australia,-20.317,118.6
Port Louis,,Mauritius,-20.167,57.5
Port Moresby,,Papua New Guinea,-9.517,147.217
Port Said,,Egypt,31.25,32.283
Port Vila,,Vanuatu,-17.75,168.3
Port of Spain,,Trinidad and Tobago,10.667,-61.517
Port-au-Prince,,Haiti,18.533,-72.333
Portland,Oregon,United States,45.517,-122.683
Porto Alegre,Rio Grande do Sul,Brazil,-30.033,-51.233
Porto Velho,Rondônia,Brazil,-8.767,-63.9
Porto,,Portugal,41.167,-8.617
Porto-Novo,,Benin,6.5,2.6
Portsmouth,England,United Kingdom,50.817,-1.083
Poznań,Greater Poland,Poland,52.4,16.917
Poços de Caldas,Minas Gerais,Brazil,-21.783,-46.567
Prague,,Czech Republic,50.083,14.417
Praia,Cape Verde,,14.917,-23.517
Pretoria,Gauteng,South Africa,-25.75,28.183
Pristina,Kosovo,Serbia,42.667,21.167
Providence,Rhode Island,United States,41.817,-71.417
Pudasjärvi,,Finland,65.367,27
Puebla,Puebla,Mexico,19.05,-98.217
Puerto Aisén,,Chile,-45.4,-72.683
Puerto Ayacucho,,Venezuela,5.667,-67.633
Puerto Montt,,Chile,-41.467,-72.933
Puerto Toro,,Chile,-55.083,-67.083
Puerto Vallarta,Jalisco,Mexico,20.667,-105.267
Puerto Williams,,Chile,-54.933,-67.617
Pune,Maharashtra,India,18.517,73.85
Punta Arenas,,Chile,-53.167,-70.933
Puntarenas,,Costa Rica,9.967,-84.833
Pyongyang,,North Korea,39.017,125.733
Qaanaaq,Greenland,Denmark,77.467,-69.233
Qaqortoq,Greenland,Denmark,60.717,-46.033
Qingdao,Shandong,China,36.067,120.383
Qiqihar,Heilongjiang,China,47.433,123.45
Quebec City,Quebec,Canada,46.817,-71.217
Querétaro,Querétaro,Mexico,20.583,-100.4
Quetzaltenango,,Guatemala,14.833,-91.517
Quezon City,,Philippines,14.633,121.033
Quito,,Ecuador,-0.25,-78.583
Rabat,,Morocco,34.033,-6.833
Rabi Island,,Fiji,-16.5,-180
Raleigh,North Carolina,United States,35.817,-78.65
Rawalpindi,Punjab,Pakistan,33.6,73.033
Recife,Pernambuco,Brazil,-8.05,-34.9
Regina,Saskatchewan,Canada,50.45,-104.6
Reno,Nevada,United States,39.533,-119.817
Reykjavík,,Iceland,64.133,-21.933
Ribeirão Preto,São Paulo,Brazil,-21.183,-47.8
Riga,,Latvia,56.95,24.1
Rio Branco,Acre,Brazil,-9.967,-67.817
Rio de Janeiro,Rio de Janeiro,Brazil,-22.917,-43.2
Riverside,California,United States,33.95,-117.4
Riyadh,,Saudi Arabia,24.633,46.717
Road Town,British Virgin Islands,United Kingdom,18.433,-64.617
Rochester,New York,United States,43.167,-77.617
Rockhampton,Queensland,Australia,-23.383,150.517
Rome,Lazio,Italy,41.9,12.5
Rosario,Santa Fe,Argentina,-32.95,-60.667
Roseau,,Dominica,15.3,-61.383
Rostov-on-Don,Rostov Oblast,Russia,47.233,39.7
Rothera,British Antarctic Territory,United Kingdom,-67.567,-68.133
Rotterdam,South Holland,Netherlands,51.933,4.483
Rovaniemi,,Finland,66.5,25.733
Río Gallegos,Santa Cruz,Argentina,-51.633,-69.217
Sabha,,Libya,27.033,14.433
Sacramento,California,United States,38.55,-121.467
Saga,Saga,Japan,33.267,130.3
Saint John,New Brunswick,Canada,45.283,-66.083
Saint Petersburg,,Russia,59.95,30.3
Saint-Denis,Réunion,France,-20.883,55.45
Saint-Pierre,Saint Pierre and Miquelon,France,46.783,-56.183
Saipan,Northern Mariana Islands,United States,15.183,145.75
Salalah,,Oman,17.017,54.083
Salt Lake City,Utah,United States,40.75,-111.883
Salta,Salta,Argentina,-24.783,-65.417
Salvador,Bahia,Brazil,-12.967,-38.483
Salzburg,Salzburg,Austria,47.8,13.033
Samara,Samara Oblast,Russia,53.2,50.133
San Antonio,Texas,United States,29.417,-98.5
San Carlos de Bariloche,Río Negro,Argentina,-41.15,-71.3
San Diego,California,United States,32.717,-117.167
San Fernando,,Trinidad and Tobago,10.283,-61.467
San Francisco,California,United States,37.783,-122.417
San José,,Costa Rica,9.933,-84.083
San Juan,Puerto Rico,United States,18.45,-66.067
San Luis Potosí,San Luis Potosí,Mexico,22.15,-100.85
San Marino,,San Marino,43.933,12.45
San Miguel de Tucumán,Tucumán,Argentina,-26.817,-65.217
San Salvador,,El Salvador,13.683,-89.183
San Sebastián,Basque Country,Spain,43.317,-2
Sana'a,,Yemen,15.35,44.2
Santa Barbara,California,United States,34.433,-119.717
Santa Cruz de Tenerife,Canary Islands,Spain,28.467,-16.25
Santa Cruz de la Sierra,,Bolivia,-17.8,-63.167
Santa Fe,New Mexico,United States,35.667,-105.967
Santa Fe,Santa Fe,Argentina,-31.633,-60.7
Santiago de Cali,,Colombia,3.417,-76.517
Santiago de Cuba,,Cuba,20.017,-75.817
Santiago,,Chile,-33.45,-70.667
Santo Domingo,,Dominican Republic,18.467,-69.95
Sapporo,Hokkaido,Japan,43.067,141.35
Sarajevo,,Bosnia and Herzegovina,43.85,18.35
Saratov,Saratov Oblast,Russia,51.533,46.017
Sarpsborg,,Norway,59.283,11.2
Saskatoon,Saskatchewan,Canada,52.133,-106.683
Sault Ste. Marie,Ontario,Canada,46.533,-84.35
Seattle,Washington,United States,47.617,-122.333
Sekondi-Takoradi,,Ghana,4.917,-1.767
Semarang,,Indonesia,-6.967,110.417
Sendai,Miyagi,Japan,38.267,140.867
Seoul,,South Korea,37.567,126.983
Serekunda,,Gambia,13.433,-16.667
Sevilla,Andalusia,Spain,37.383,-5.983
Sfax,,Tunisia,34.733,10.767
Shanghai,,China,31.2,121.5
Sheffield,England,United Kingdom,53.383,-1.467
Shenyang,Liaoning,China,41.817,123.417
Shenzhen,Guangdong,China,22.55,114.1
Shigatse,Tibet,China,29.267,88.883
Shijiazhuang,Hebei,China,38.05,114.5
Shillong,Meghalaya,India,25.567,91.883
Shimla,Himachal Pradesh,India,31.1,77.167
Shizuoka,Shizuoka,Japan,34.983,138.383
Shreveport,Louisiana,United States,32.467,-93.7
Siem Reap,,Cambodia,13.367,103.867
Siliguri,West Bengal,India,26.717,88.433
Simferopol,Crimea,Ukraine,44.95,34.1
Singapore,,Singapore,1.283,103.833
Sinop,Mato Grosso,Brazil,-11.867,-55.5
Sitka,Alaska,United States,57.05,-135.333
Skellefteå,,Sweden,64.75,20.95
Skopje,,Macedonia,42,21.433
Sobral,Ceará,Brazil,-3.667,-40.233
Sochi,Krasnodar Krai,Russia,43.583,39.717
Sofia,,Bulgaria,42.7,23.333
South Tarawa,,Kiribati,1.433,173
Southampton,England,United Kingdom,50.9,-1.4
Split,,Croatia,43.5,16.433
Springfield,Missouri,United States,37.2,-93.283
Sri Jayawardenapura-Kotte,,Sri Lanka,6.917,79.883
Srinagar,Jammu and Kashmir,India,34.083,74.783
St. George's,,Grenada,12.05,-61.75
St. John's,,Antigua and Barbuda,17.117,-61.85
St. John's,Newfoundland and Labrador,Canada,47.567,-52.7
St. Louis,Missouri,United States,38.633,-90.2
Stanley,Falkland Islands,United Kingdom,-51.7,-57.867
Stjørdal,,Norway,63.483,11.167
Stockholm,,Sweden,59.333,18.067
Strasbourg,,France,48.583,7.75
Stuttgart,Baden-Württemberg,Germany,48.783,9.183
Sucre,,Bolivia,-19.05,-65.25
Sudbury,Ontario,Canada,46.483,-81.017
Suez,,Egypt,29.967,32.55
Sukhumi,Abkhazia,Georgia,43,41.017
Sundsvall,,Sweden,62.4,17.317
Surabaya,,Indonesia,-7.267,112.75
Surat Thani,,Thailand,9.133,99.333
Surat,Gujarat,India,21.167,72.833
Suva,,Fiji,-18.133,178.45
Swansea,Wales,United Kingdom,51.617,-3.95
Sydney,New South Wales,Australia,-33.867,151.217
São José do Rio Preto,São Paulo,Brazil,-20.8,-49.383
São José dos Campos,São Paulo,Brazil,-23.183,-45.883
São Luís,Maranhão,Brazil,-2.533,-44.3
São Paulo,São Paulo,Brazil,-23.55,-46.633
São Tomé,,São Tomé and Príncipe,0.333,6.683
Tabriz,,Iran,38.067,46.3
Tagbilaran,,Philippines,9.65,123.85
Taibei,Taiwan,China,25.033,121.633
Tainan,Taiwan,China,22.983,120.183
Taiyuan,Shanxi,China,37.867,112.567
Taizhong,Taiwan,China,24.15,120.667
Takamatsu,Kagawa,Japan,34.35,134.05
Tallinn,,Estonia,59.433,24.75
Tamale,,Ghana,9.4,-0.85
Tampa,Florida,United States,27.95,-82.467
Tampere,,Finland,61.5,23.767
Tampico,Tamaulipas,Mexico,22.25,-97.867
Tapachula,Chiapas,Mexico,14.9,-92.267
Tartu,,Estonia,58.383,26.717
Tashkent,,Uzbekistan,41.267,69.217
Tbilisi,,Georgia,41.717,44.783
Tegucigalpa,,Honduras,14.1,-87.217
Tehran,,Iran,35.7,51.417
Tel Aviv,,Israel,32.067,34.783
Temuco,,Chile,-38.75,-72.667
Teresina,Piauí,Brazil,-5.1,-42.8
Tezpur,Assam,India,26.633,92.8
The Hague,South Holland,Netherlands,52.083,4.317
The Valley,Anguilla,United Kingdom,18.217,-63.05
Thessaloniki,,Greece,40.65,22.9
Thimphu,,Bhutan,27.467,89.65
Thiès,,Senegal,14.783,-16.917
Thunder Bay,Ontario,Canada,48.383,-89.25
Tianjin,,China,39.133,117.183
Tijuana,Baja California,Mexico,32.533,-117.033
Tiksi,Sakha Republic,Russia,71.65,128.867
Timbuktu,,Mali,16.783,-3.017
Tirana,,Albania,41.333,19.817
Tiraspol,Transnistria,Moldova,46.85,29.633
Tokushima,Tokushima,Japan,34.067,134.55
Tokyo,Tokyo,Japan,35.683,139.7
Tolyatti,Samara Oblast,Russia,53.517,49.417
Tornio,,Finland,65.85,24.15
Toronto,Ontario,Canada,43.7,-79.4
Torreón,Coahuila,Mexico,25.533,-103.45
Tottori,Tottori,Japan,35.5,134.233
Toulouse,,France,43.6,1.45
Townsville,Queensland,Australia,-19.25,146.817
Toyama,Toyama,Japan,36.7,137.217
Trelew,Chubut,Argentina,-43.25,-65.3
Trenton,New Jersey,United States,40.217,-74.767
Tripoli,,Libya,32.9,13.183
Trivandrum,Kerala,India,8.483,76.95
Tromsø,,Norway,69.683,18.95
Trondheim,,Norway,63.433,10.4
Trujillo,,Peru,-8.117,-79.033
Tskhinvali,South Ossetia,Georgia,42.233,43.967
Tsu,Mie,Japan,34.717,136.5
Tucson,Arizona,United States,32.217,-110.933
Tuktoyaktuk,Northwest Territories,Canada,69.45,-133.033
Tulsa,Oklahoma,United States,36.133,-95.933
Tunis,,Tunisia,36.8,10.183
Turin,Piedmont,Italy,45.067,7.7
Turku,,Finland,60.45,11.267
Tórshavn,Faroe Islands,Denmark,62.017,-6.767
Uberlândia,Minas Gerais,Brazil,-18.917,-48.283
Udon Thani,,Thailand,17.417,102.75
Ufa,Republic of Bashkortostan,Russia,54.75,55.967
Ulan Bator,,Mongolia,47.917,106.917
Umeå,,Sweden,63.833,20.267
Upernavik,Greenland,Denmark,72.783,-56.15
Uppsala,,Sweden,59.85,17.65
Ushuaia,Tierra del Fuego,Argentina,-54.8,-68.3
Utrecht,Utrecht,Netherlands,52.1,5.117
Utsjoki,,Finland,69.9,27.017
Utsunomiya,Tochigi,Japan,36.55,139.883
Vaasa,,Finland,63.1,21.617
Vadsø,Finnmark,Norway,70.083,29.733
Vaduz,,Liechtenstein,47.133,9.517
Valdivia,,Chile,-39.817,-73.25
Valencia,Valencian Community,Spain,39.467,-0.383
Valga,,Estonia,57.767,26.033
Valletta,,Malta,35.9,14.517
Valparaíso,,Chile,-33.05,-71.617
Vancouver,British Columbia,Canada,49.25,-123.1
Vantaa,,Finland,60.3,25.033
Vatican City,,Vatican City,41.9,12.45
Venice,Veneto,Italy,45.433,12.333
Veracruz,Veracruz,Mexico,19.183,-96.15
Verkhoyansk,Sakha Republic,Russia,67.55,133.383
Victoria,,Seychelles,-4.617,55.45
Victoria,British Columbia,Canada,48.433,-123.367
Vienna,Vienna,Austria,48.217,16.367
Vientiane,,Laos,17.967,102.6
Villa Las Estrellas,Antártica Chilena Province,Chile,-62.2,-58.967
Vilnius,,Lithuania,54.683,25.283
Virginia Beach,Virginia,United States,36.85,-75.983
Visakhapatnam,Andhra Pradesh,India,17.683,83.217
Vitoria-Gasteiz,Basque Country,Spain,42.85,-2.683
Vitória,Espírito Santo,Brazil,-20.317,-40.333
Vladivostok,Primorsky Krai,Russia,43.133,131.9
Volgograd,Volgograd Oblast,Russia,48.7,44.517
Voronezh,Voronezh Oblast,Russia,51.667,39.217
Wakayama,Wakayama,Japan,34.233,135.167
Wakkanai,Hokkaido,Japan,45.417,141.667
Warsaw,Masovian Voivodship,Poland,52.233,21.017
Washington,District of Columbia,United States,38.9,-77.033
Wellington,,New Zealand,-41.283,174.783
Weno,,Federated States of Micronesia,7.45,151.85
Whitehorse,Yukon,Canada,60.717,-135.05
Wichita,Kansas,United States,37.683,-97.333
Willemstad,Curaçao,Netherlands,12.117,-68.933
Wilmington,North Carolina,United States,34.217,-77.917
Windhoek,,Namibia,-22.567,17.083
Windsor,Ontario,Canada,42.283,-83
Winnipeg,Manitoba,Canada,49.9,-97.133
Wollongong,New South Wales,Australia,-34.433,150.883
Wonsan,,North Korea,39.15,127.45
Wuhan,Hubei,China,30.583,114.283
Xi'an,Shaanxi,China,34.267,108.9
Xining,Qinghai,China,36.633,101.767
Yakutsk,Sakha Republic,Russia,62.033,129.733
Yamagata,Yamagata,Japan,38.25,140.333
Yamaguchi,Yamaguchi,Japan,34.183,131.467
Yamoussoukro,,Ivory Coast,6.817,-5.283
Yangon,,Burma,16.8,96.15
Yaoundé,,Cameroon,3.867,11.517
Yaren District,,Nauru,-0.55,166.917
Yarmouth,Nova Scotia,Canada,43.833,-66.117
Yaroslavl,Yaroslavl Oblast,Russia,57.617,39.85
Yekaterinburg,Sverdlovsk Oblast,Russia,56.833,60.583
Yellowknife,Northwest Territories,Canada,62.45,-114.4
Yerevan,,Armenia,40.183,44.517
Yogyakarta,,Indonesia,-7.8,110.367
Yokohama,Kanagawa,Japan,35.45,139.633
York,England,United Kingdom,53.95,-1.067
Zagreb,,Croatia,45.817,15.983
Zamboanga City,,Philippines,6.9,122.067
Zanzibar City,,Tanzania,-6.167,39.2
Zapopan,Jalisco,Mexico,20.717,-103.4
Zaragoza,Aragon,Spain,41.65,-0.883
Zhengzhou,Henan,China,34.767,113.65
Zürich,,Switzerland,47.367,8.55
Ísafjörður,,Iceland,66.083,-23.133
Örnsköldsvik,,Sweden,63.283,18.733
Östersund,,Sweden,63.183,14.667
Ürümqi,Xinjiang,China,43.833,87.6
Šabac,,Serbia,44.75,19.7
Ōita,Ōita,Japan,33.233,131.6
Ōtsu,Shiga,Japan,35.017,135.85
İzmir,,Turkey,38.433,27.15
